{
  "logistic": {
    "accuracy": 0.7142857142857143,
    "f1_score": 0.56,
    "roc_auc": 0.8229629629629629,
    "precision": 0.6086956521739131,
    "recall": 0.5185185185185185,
    "mcc": 0.3529299526817895
  },
  "rf": {
    "accuracy": 0.7402597402597403,
    "f1_score": 0.6153846153846154,
    "roc_auc": 0.8080555555555556,
    "precision": 0.64,
    "recall": 0.5925925925925926,
    "mcc": 0.4204522053456932
  },
  "gb": {
    "accuracy": 0.7532467532467533,
    "f1_score": 0.6274509803921569,
    "roc_auc": 0.8422222222222222,
    "precision": 0.6666666666666666,
    "recall": 0.5925925925925926,
    "mcc": 0.44565871858907996
  },
  "xgb": {
    "accuracy": 0.7337662337662337,
    "f1_score": 0.616822429906542,
    "roc_auc": 0.8051851851851852,
    "precision": 0.6226415094339622,
    "recall": 0.6111111111111112,
    "mcc": 0.41291196993125556
  },
  "lgb": {
    "accuracy": 0.7402597402597403,
    "f1_score": 0.6,
    "roc_auc": 0.8174074074074075,
    "precision": 0.6521739130434783,
    "recall": 0.5555555555555556,
    "mcc": 0.4123951744684367
  },
  "svm": {
    "accuracy": 0.7532467532467533,
    "f1_score": 0.6346153846153846,
    "roc_auc": 0.7922222222222222,
    "precision": 0.66,
    "recall": 0.6111111111111112,
    "mcc": 0.44951398255540453
  }
}